"","Major","Minor","ComplexDescr","NbrBldgs","NbrStories","NbrUnits","AvgUnitSize","ProjectLocation","ProjectAppeal","PcntWithView","ConstrClass","BldgQuality","Condition","YrBuilt","EffYr","PcntComplete","Elevators","SectySystem","Fireplace","Laundry","Address"
"22",859040,930,"APARTMENT BLDG",1,2,8,975,3,3,0,4,4,2,1906,1965,100,"N","Y","N",1,"909 9TH AVE 98104"
"147",60500,0," ",1,1,1,1392,0,0,0,4,5,4,1930,1975,100,"N","N","N",1,"2810 16TH AVE S 98144"
"153",551190,0,"FLATS",1,4,23,1080,3,2,0,4,4,3,2002,2002,100,"Y","Y","Y",2,"1515 E YESLER WAY 98144"
"173",367940,110,"ELMA APTS",1,3,9,582,3,3,0,4,5,3,1961,1986,100,"N","N","N",1,"1458 S COLUMBIAN WAY 98144"
"241",149830,940," ",1,2,4,1015,3,3,50,4,4,4,1902,1988,100,"N","N","N",0,"2020 14TH AVE S 98144"
"264",364610,125,"APARTMENT BLDG 18 UNITS",1,3,18,878,3,3,0,4,4,4,1967,1985,100,"N","Y","N",2,"209 22ND AVE S 98144"
"311",59600,0,"Flats",1,2,4,553,3,3,0,4,4,4,1954,2002,100,"N","N","N",0,"1702 14TH AVE S 98144"
"392",128230,1030,"12 UNIT APTS",2,3,12,957,2,3,0,4,4,3,1992,1994,100,"N","N","N",1,"3300 WETMORE AVE S 98144"
"410",754830,125,"7 UNIT",1,2,7,690,3,3,60,4,4,2,1900,1965,100,"N","Y","N",1,"1544 14TH AVE S 98144"
"437",524780,2245," ",1,5,50,855,2,3,25,4,4,3,2005,2005,100,"Y","Y","N",1,"651 S MAIN ST 98104"
"438",149830,790,"VERN LYNN APTS",1,2,6,804,3,3,25,4,4,4,1904,1979,100,"N","N","N",1,"2111 14TH AVE S 98144"
"510",766010,105,"APARTMENTS",1,4,21,779,3,3,30,4,6,3,1963,1986,100,"N","Y","N",1,"1340 12TH AVE S 98144"
"520",140030,9,"FOURPLEX",1,2,4,779,3,3,0,4,3,3,1900,1970,100,"N","N","N",1,"710 24TH AVE S 98144"
"550",93900,100,"20 unit apt + Retail",1,6,20,1255,3,3,0,3,4,5,1900,1991,100,"Y","Y","N",2,"606 2ND AVE 98104"
"582",859040,790,"",1,3,52,627,2,3,25,3,4,4,1948,1984,100,"N","N","N",1,"804 JAMES ST 98104"
"627",524780,2065," ",1,7,136,600,2,3,36,4,4,3,2005,2005,100,"Y","Y","N",1,"609 YESLER WAY 98104"
"659",94200,555," ",1,3,112,234,3,3,0,2,4,4,1916,1987,100,"Y","Y","N",1,"317 MARION ST 98104"
"731",347000,0,"120 Room Full Service Hotel",1,10,120,0,0,0,0,1,8,3,2006,2006,100,"Y","Y","Y",0,"1000 1ST AVE 98104"
"739",360,8,"4 PLEX",1,2,4,675,3,3,0,4,4,3,1959,1981,100,"N","N","N",1,"2810 S MCCLELLAN ST 98144"
"744",787270,0,"16 FLAT UNITS",1,4,16,704,3,3,60,4,4,5,1968,1992,100,"N","Y","N",2,"1723 13TH AVE S 98144"
"765",884770,0," ",1,3,34,683,0,0,53,3,5,4,1900,1990,100,"N"," ","N",1,"2300 S MASSACHUSETTS ST 98144"
"789",155490,0,"68 UNIT",18,3,68,1144,4,3,0,4,4,3,1997,1997,100,"N","N"," ",2,"1515 S ATLANTIC ST 98144"
"878",128230,510,"FIVE UNIT APT",1,3,5,859,3,3,0,4,4,3,1992,1994,100,"N","N","N",2,"3315 CLAREMONT AVE S 98144"
"884",766010,150,"APARTMENTS",1,3,6,816,3,3,30,4,5,3,1959,1985,100,"N","N","N",1,"1201 12TH AVE S 98144"
"935",156170,0,"TOWNHOUSES",2,2,4,1174,3,3,0,4,4,3,1980,1982,100,"N","N","Y",2,"922 28TH AVE S 98144"
"972",859040,755,"TERRACE CREST APT'S",1,3,34,685,2,3,0,3,4,3,1930,1977,100,"N","N","N",1,"517 9TH AVE 98104"
"986",427910,0,"32 UNIT CONDOMINIUM",1,4,32,594,5,3,0,3,4,4,1957,1985,100,"N","Y","N",1,"720 LAKESIDE AVE S 98144"
"1023",197920,245,"PAUL REVERE APTS",1,4,66,409,3,3,0,3,4,4,1923,1981,100,"N","Y","N",1,"1018 9TH AVE 98104"
"1033",138980,115," ",1,4,18,1153,3,3,75,4,4,3,2003,2003,100,"Y","Y","N",0,"2523 15TH AVE S 98144"
"1128",765860,195," ",1,3,6,1092,0,0,0,4,4,3,2004,2004,100," "," "," ",0,"1123 23RD AVE S 98144"
"1161",524780,2375,"GEE HOW OAK TIN",1,3,21,477,2,3,0,3,4,3,1907,1974,100,"N","Y","N",1,"519 7TH AVE S 98104"
"1189",766010,360,"BEACON APTS",1,2,6,633,3,3,0,4,5,3,1908,1975,100,"N","N","N",0,"1718 12TH AVE S 98144"
"1266",94200,1090,"APARTMENTS",1,3,12,459,2,2,0,4,3,3,1902,1970,100,"N","Y","N",1,"411 JEFFERSON ST 98104"
"1297",59700,605,"MULTIPLEXES",3,1,9,726,3,3,0,4,5,4,1928,1990,100,"N","N","N",1,"1746 S HANFORD ST 98144"
"1313",713230,350,"",1,4,97,539,3,3,0,4,5,3,2013,2013,55,"Y","Y"," ",0,"HIAWATHA PL S 98144"
"1350",364610,95,"FOUR PLEX",1,2,4,550,3,3,0,4,4,3,1964,1983,100,"N","N","N",1,"2200 S MAIN ST 98144"
"1388",125020,485,"APT BLDG",2,3,15,587,3,3,0,4,3,3,1966,1980,100,"N","N","N",1,"301 26TH AVE S 98144"
"1400",859040,891,"LEIGHTON APARTMENTS",1,3,23,342,3,3,0,4,4,4,1907,1988,100,"N","Y","N",1,"814 COLUMBIA ST 98104"
"1432",524780,1970,"MIXED USE APT",1,6,63,330,2,3,0,3,4,4,1914,1980,100,"Y","Y","N",1,"306 6TH AVE S 98104"
"1454",754830,130,"7 UNIT",1,2,7,741,3,3,60,4,4,3,1967,1984,100,"N","N","N",1,"1532 14TH AVE S 98144"
"1475",767590,0," ",1,3,24,776,3,4,40,4,4,3,1988,1992,100,"Y","Y"," ",1,"1527 12TH AVE S 98144"
"1494",439750,0,"17 Units - 15 Residential / 2 Commercial",1,5,17,1677,2,3,0,2,6,5,1904,1985,100,"Y","Y","N",2,"210 3RD AVE S 98104"
"1536",59700,650,"ATTACHED SFR HOUSE TO RETAIL BUILDING",1,2,1,745,3,1,0,4,3,3,1910,1966,0,"N","N","N",2,"3019 BEACON AVE S 98144"
"1588",713330,300,"fourplex",1,3,4,930,3,3,50,4,4,3,2003,2003,100,"N","N"," ",2,"1550 S ATLANTIC ST 98144"
"1604",125020,530,"APTS",1,2,5,910,3,3,0,4,4,3,1984,1990,100,"N","Y","N",2,"325 MARTIN LUTHER KING JR WAY S 98144"
"1628",795300,0,"",1,25,514,724,3,3,70,2,5,3,2014,2014,100,"Y","Y"," ",2,"201 S KING ST 98134"
"1719",367940,101,"BELLA DONNA APTS",1,2,6,587,3,3,0,4,5,3,1957,1983,100,"N","N","N",1,"1450 S COLUMBIAN WAY 98144"
"1793",610825,0," ",1,3,7,728,3,3,0,3,4,3,1900,1975,0,"N","Y","N",1,"314 1ST AVE S 98104"
"1834",872668,0,"4 UNIT TOWNHOUSE/CONDO",2,2,4,840,3,3,0,4,3,3,1981,1986,100,"N","N"," ",1,"918 28TH AVE S 98144"
"1877",859090,455,"THE MONTICELLO APTS",1,3,107,397,2,3,0,3,4,4,1957,1985,100,"N","Y","N",1,"415 BOREN AVE 98104"
"1911",93900,120," ",1,10,89,426,3,3,25,3,4,4,1906,1986,100,"Y","Y","N",1,"107 CHERRY ST 98104"
"1934",983420,1270," ",1,2,4,980,3,4,50,4,4,4,1964,1991,100,"N","N","N",1,"3651 S SPOKANE ST 98144"
"1935",884905,0," ",1,5,176,755,3,3,0,4,6,3,2000,2000,100,"Y","Y","N",2,"512 S WELLER ST 98104"
"1956",524780,2050,"TICINO APARTMENTS",1,3,44,433,1,3,35,3,3,4,1903,1980,100,"Y","Y","N",1,"100 6TH AVE S 98104"
"1964",388190,235,"4-PLEX",1,2,4,930,3,3,25,4,4,3,1969,1985,100,"N","N","N",1,"1807 15TH AVE S 98144"
"1966",660077,0," ",1,2,1,0,0,0,0,2,4,3,2000,2001,0," "," "," ",0,"900 S JACKSON ST 98104"
"2003",331950,1835,"FOUR PLEX",1,2,4,718,3,2,0,4,4,3,1916,1975,100,"N","N","N",1,"1814 S WELLER ST 98144"
"2115",339510,0,"12 UNIT CONDO-CONVERSION",1,3,12,945,5,3,50,4,4,3,1959,1981,100,"N","Y"," ",1,"518 LAKESIDE AVE S 98144"
"2163",547960,0,"COM'L CONDO",1,3,1,9999,3,3,0,3,4,0,1905,1985,100,"Y","Y"," ",0,"401 1ST AVE S 98104"
"2209",795400,5,"MT BAKER VILLAGE APTS",9,3,144,748,3,3,0,4,4,4,1959,1989,100,"N","N","Y",1,"2531 29TH AVE S 98144"
"2217",125020,465,"6 unit apt",1,2,6,1090,3,2,0,4,5,4,1926,2000,100,"N","N"," ",2,"317 26TH AVE S 98144"
"2247",56700,590,"4 - PLEX",1,3,4,801,0,0,0,4,4,3,1963,1982,100,"N","N","N",1,"812 29TH AVE S 98144"
"2265",880970,0,"office",0,0,0,0,0,0,0,2,6,3,2000,2000,100,"N"," "," ",0,"401 S JACKSON ST 98104"
"2298",56700,570,"4 - PLEX",1,2,4,753,0,0,0,4,4,3,1963,1982,100,"N","N","N",1,"836 29TH AVE S 98144"
"2332",553050,0," ",0,0,0,0,0,0,0,0,0,0,2000,2000,0," "," "," ",0,"719 2ND AVE 98104"
"2388",331950,2195,"5 UNIT APT",1,2,5,938,3,3,20,4,4,3,1927,1977,100,"N","N","N",1,"1643 S WELLER ST 98144"
"2396",396440,230,"",2,2,3,671,3,2,0,4,4,2,1923,1960,100,"N","N","N",0,"3219 BEACON AVE S 98144"
"2415",425340,90,"SFR + Triplex",1,3,4,966,3,4,50,4,4,4,1980,1998,100,"N","N"," ",0,"2711 14TH AVE S 98144"
"2439",568000,920,"TRITON APTS",1,2,8,711,3,3,0,4,4,3,1959,1979,100,"N","N","N",1,"3601 14TH AVE S 98144"
"2481",315120,0,"105 Unit Condo",7,4,105,905,3,3,0,4,4,4,1985,1990,100,"Y","Y","N",2,"1311 12TH AVE S 98144"
"2487",809195,0,"12 UNIT CONDO",1,4,12,890,5,3,0,4,5,4,1982,1990,100,"N","Y","Y",2,"510 LAKESIDE AVE S 98144"
"2521",60600,20,"APARTMENT",1,3,11,840,3,3,0,4,4,3,1979,1988,100,"N","Y","N",1,"3212 BEACON AVE S 98144"
"2525",179160,0,"8 unit condo complex",3,2,8,1308,3,3,0,4,4,4,1958,1999,100,"N","N","Y",2,"3610 36TH AVE S 98144"
"2556",367940,30,"20-UNIT APT",1,4,20,790,3,3,50,4,4,3,1970,1985,100,"N","Y","N",1,"3440 14TH AVE S 98144"
"2557",713330,170,"2 - TRIPLEXES",1,3,6,687,3,3,100,4,4,3,1995,1995,100,"N","N","N",1,"1313 16TH AVE S 98144"
"2630",765860,170," ",1,3,6,1043,0,0,0,4,4,3,2004,2004,100," "," "," ",2,"1123 23RD AVE S 98144"
"2633",766060,115,"HEATHER",1,2,9,795,3,3,30,4,4,3,1961,1982,100,"N","N","N",1,"1712 13TH AVE S 98144"
"2674",859000,0,"26 units Condo",1,3,26,718,2,3,0,4,4,5,1907,2000,100,"N","Y","N",1,"403 TERRY AVE 98104"
"2712",859090,1030,"BARONESS APARTMENTS",1,6,59,406,4,3,0,2,6,4,1928,1985,100,"Y","Y","N",1,"1005 SPRING ST 98104"
"2843",912200,270," ",1,2,6,690,3,2,0,4,4,3,1940,1960,0,"N","N","N",0,"2400 BEACON AVE S 98144"
"2891",519810,0," ",1,4,9,1290,3,3,0,4,4,3,1987,1987,100,"Y","Y"," ",2,"1312 S MASSACHUSETTS ST 98144"
"2940",90700,90," ",1,3,3,1144,1,2,0,4,3,3,1908,1975,0," ","N","N",0,"2528 BEACON AVE S 98144"
"2977",766060,315,"C-XVII APTS",1,3,23,675,3,3,50,4,4,4,1967,1989,100,"N","N","N",1,"1100 S MASSACHUSETTS ST 98134"
"2988",59700,695,"",1,1,1,979,3,3,0,3,5,3,1926,1970,0,"N","N","N",2,"3057 BEACON AVE S 98144"
"3018",327480,210," ",1,2,5,995,3,3,0,4,4,3,1998,2003,100,"N"," "," ",1,"924 MARTIN LUTHER KING JR WAY S 98144"
"3100",331950,370," ",1,3,3,1143,3,3,0,4,4,3,1993,1993,0,"N","N","N",2,"2010 S MAIN ST 98144"
"3136",379600,265,"FOUR PLEX",1,2,4,747,3,3,0,4,4,4,1900,1990,100,"N","N","N",1,"206 27TH AVE S 98144"
"3182",60550,0," ",1,3,16,473,3,3,31,4,5,4,1957,1993,100,"N","N","N",2,"1401 S HOLGATE ST 98144"
"3198",859040,485,"SEVENTH & JAMES",1,4,96,630,2,3,0,4,4,4,1991,1999,100,"Y","Y","Y",2,"600 7TH AVE 98104"
"3217",128230,669,"4 PLEX",1,2,4,902,3,3,0,4,4,3,1954,1979,100,"N","N","N",1,"3320 CLAREMONT AVE S 98144"
"3233",63500,100,"APARTMENT",1,2,5,630,3,3,0,4,4,3,1959,1981,100,"N","N","N",1,"3521 S LESCHI PL 98144"
"3253",341660,420,"6 UNIT APTS",1,2,6,955,3,3,0,4,4,3,1953,1979,100,"N","N","N",0,"110 31ST AVE S 98144"
"3254",149830,662,"4-PLEX",1,2,4,901,3,3,50,4,5,4,1951,1988,100,"N","N","N",1,"1213 S PLUM ST 98144"
"3332",754880,10,"7 UNITS",1,2,7,662,3,3,30,4,4,4,1908,1985,100,"N","N","N",1,"1535 14TH AVE S 98144"
"3334",308600,2465,"KENMARK",1,3,10,677,3,3,33,4,5,4,1966,1993,100,"N","N","N",1,"2720 14TH AVE S 98144"
"3359",766010,225,"EAST VISTA",1,3,8,708,3,3,0,4,5,3,1968,1989,100,"N","N","N",1,"1526 12TH AVE S 98144"
"3380",197820,710,"SAN MARCO APARTMENTS",1,4,22,786,3,4,0,4,6,4,1905,1985,100,"N","Y","N",1,"1207 SPRING ST 98104"
"3403",345989,0,"8 UNIT CONDOMINIUM",1,4,8,1001,3,3,0,4,4,3,1989,1989,100,"Y","Y"," ",2,"1604 11TH AVE S 98134"
"3418",27200,515,"4-PLEX",1,2,4,882,2,2,0,4,2,3,1910,1960,100,"N","N","N",0,"1732 MARTIN LUTHER KING JR WAY S 98144"
"3467",766060,300,"SUN LIGHT APT",1,3,16,721,3,3,60,3,4,3,1969,1985,100,"N","N","N",1,"1537 12TH AVE S 98144"
"3469",983420,580,"YORK MANOR",1,3,9,589,3,3,0,4,4,3,1957,1980,100,"N","N","N",1,"3300 YORK RD S 98144"
"3481",335740,125," ",1,7,178,906,3,3,0,4,5,3,2005,2005,100,"Y","Y","N",2,"3642 33RD AVE S 98144"
"3482",364610,790,"14 UNIT APT BLDG",1,2,14,559,2,3,50,4,3,3,1986,1995,100,"N","Y","N",1,"539 23RD AVE S 98144"
"3544",59700,9," RETAIL W/RES UNIT",1,1,1,1208,2,2,0,3,4,3,1929,1966,0,"N","N","N",2,"3001 21ST AVE S 98144"
"3568",388190,230,"4-PLEX",1,2,4,930,3,3,25,4,4,3,1969,1985,100,"N","N","N",1,"1801 15TH AVE S 98144"
"3735",859090,145,"CHERRY TERRACE",1,3,51,431,3,3,0,4,4,3,1956,1978,100,"N","N","N",1,"915 CHERRY ST 98104"
"3788",539360,510,"4-PLEX",1,1,4,604,3,3,0,4,4,3,1957,1979,100,"N","N","N",0,"1425 S COLLEGE ST 98144"
"3850",193815,0,"FLATS",1,13,145,622,3,3,45,2,4,4,1950,1987,100,"Y","Y","N",1,"1105 SPRING ST 98104"
"3869",859040,865,"CLARWOOD APARTMENTS",1,4,45,393,3,3,0,3,4,3,1920,1972,100,"N","Y","N",1,"805 MARION ST 98104"
"3871",713330,111,"7 UNIT APT HOUSE",1,3,7,664,3,3,40,4,5,4,1979,1996,100,"N","Y","N",1,"1347 15TH AVE S 98144"
"3875",387310,0,"12 UNIT CONDO",3,2,12,1364,3,3,0,4,4,3,1996,1996,100,"N","N"," ",2,"501 23RD AVE S 98144"
"3891",713330,130,"APARTMENTS",1,3,12,792,3,2,100,4,4,3,1963,1982,100,"N","Y","N",1,"1326 15TH AVE S 98144"
"3896",308600,2470,"KENMARK",1,3,12,594,3,3,33,4,5,4,1966,1993,100,"N","N","N",1,"2718 14TH AVE S 98144"
"3907",713330,680,"APARTMENTS",1,3,6,675,3,3,0,4,4,3,1969,1985,100,"N","N","N",1,"1511 15TH AVE S 98144"
"3909",42404,9024,"",1,3,165,402,3,3,0,3,5,4,1963,1980,100,"Y","Y"," ",1,"2611 S DEARBORN ST 98144"
"3931",364610,150,"APARTMENT BLDG 5 UNITS",1,3,5,750,3,3,0,4,4,3,1965,1983,100,"N","N","N",1,"2100 S MAIN ST 98144"
"3932",149830,880,"4 - PLEX",1,2,4,611,3,3,75,4,4,3,1918,1971,100,"N","N","N",1,"1914 14TH AVE S 98144"
"3986",59700,620,"The Victor Apts",1,3,13,556,3,3,0,4,5,4,1927,1982,100,"N","Y","N",1,"1705 S STEVENS ST 98144"
"3990",524780,1990,"INTERNATIONAL APARTMENTS-54 UNIT",1,4,53,330,2,3,0,3,3,2,1910,1964,100,"N","Y","N",1,"315 MAYNARD AVE S 98104"
"4012",42404,9054,"",1,2,4,884,3,3,0,4,4,3,1962,1984,100," "," "," ",0,"830 28TH AVE S 98144"
"4076",437780,0,"4 Unit Condo",2,2,4,993,3,3,50,4,4,3,2003,2003,100,"N","N","N",2,"1709 16TH AVE S 98144"
"4081",856660,0," ",0,6,6,19658,0,0,0,3,4,0,2002,2002,0," "," "," ",0,"101 PREFONTAINE PL S 98104"
"4132",766060,310,"S.H.A. APTS",1,2,6,575,3,3,70,4,4,4,1900,1994,100,"N","N","N",1,"1545 12TH AVE S 98144"
"4152",713330,10,"MEI FONG APARTMENTS",1,3,6,731,3,3,50,4,4,3,1968,1985,100,"N","N","N",1,"1307 14TH AVE S 98144"
"4159",396440,305,"APTS",1,2,8,754,3,3,0,4,5,4,1922,1988,100,"N","Y","N",1,"1727 S HORTON ST 98144"
"4178",766010,355,"ALPINE A APTS",1,2,7,689,3,3,0,4,4,4,1966,1989,100,"N","N","N",1,"1722 12TH AVE S 98144"
"4190",643700,0,"13 RES UNITS 4 COML UNITS&11 PRK",1,4,17,774,2,4,0,3,7,5,1900,1972,100,"Y","Y"," ",2,"75 S MAIN ST 98104"
"4218",396440,255,"CRANMORE APTS",1,2,20,669,3,3,0,4,4,3,1915,1980,100,"N","Y","N",1,"3301 BEACON AVE S 98144"
"4220",524780,2015,"INTERNATIONAL TERRACE-EXEMPT",1,12,100,541,2,3,54,2,6,4,1973,1995,100,"Y","Y","N",1,"202 6TH AVE S 98104"
"4223",331950,975,"11 UNIT APT",1,4,11,1067,3,3,0,4,4,3,1990,1993,100,"N","N","N",1,"2035 S MAIN ST 98144"
"4284",678090,0,"28 C0NDO UNITS",1,4,28,710,5,4,80,4,4,4,1956,1985,100,"Y","Y","Y",2,"334 LAKESIDE AVE S 98144"
"4286",364610,65," ",1,4,120,786,0,0,0,4,4,3,2001,2001,100,"Y","Y","N",0,"113 23RD AVE S 98144"
"4296",388190,190,"22 UNIT",2,3,22,555,3,3,50,4,2,3,1911,1971,100,"N","N","N",1,"1815 13TH AVE S 98144"
"4325",417900,0,"Townhouses",2,3,4,1285,3,3,0,4,5,3,2006,2006,100,"N","Y","N",2,"1406 S LANDER ST 98144"
"4334",713330,685,"APARTMENTS",1,3,9,666,3,3,40,4,4,3,1963,1982,100,"N","N","N",1,"1510 14TH AVE S 98144"
"4383",605455,0,"1 LAND UNIT 1 RETAIL &1 APT UNIT",1,3,27,891,3,3,0,4,4,0,1909,1960,100,"N","Y"," ",1,"657 S WELLER ST 98104"
"4405",524780,41," ",1,6,48,972,3,3,17,3,5,5,1900,1991,100,"Y","Y","N",2,"111 1ST AVE S 98104"
"4449",411460,1370,"LAKESIDE COURT",2,2,15,710,5,4,27,4,4,4,1929,1982,100,"N","Y","N",1,"526 LAKESIDE AVE S 98144"
"4479",754880,25,"BEACON TOWER APTS",1,15,109,666,3,3,85,2,5,4,1971,1994,100,"Y","Y","N",1,"1311 S MASSACHUSETTS ST 98144"
"4482",367940,60,"THE COLUMBIAN APTS",1,4,20,807,3,3,0,4,5,2,1963,1973,100,"N","Y","N",1,"1414 S COLUMBIAN WAY 98144"
"4589",754830,480,"4-PLEX",1,2,4,756,3,3,50,4,4,3,1963,1982,100,"N","N","N",2,"1775 17TH AVE S 98144"
"4601",59700,640," ",1,2,7,486,3,3,0,4,4,3,1925,1955,100,"N","N","N",1,"3013 BEACON AVE S 98144"
"4603",955220,115,"APT",1,2,4,774,3,3,0,4,4,3,1900,1974,100,"N","Y","N",1,"403 30TH AVE S 98144"
"4621",56700,585,"4 - PLEX",1,3,4,801,0,0,0,4,4,3,1963,1982,100,"N","N","N",1,"818 29TH AVE S 98144"
"4646",193730,205,"13 UNIT APT",1,2,13,498,2,2,40,4,2,3,1915,1971,1,"N","N","N",1,"842 DAVIS PL S 98144"
"4669",937930,65,"FOUR PLEX",1,2,4,546,3,2,0,4,3,4,1900,1978,100,"N","N","N",1,"531 25TH AVE S 98144"
"4672",258500,0,"108 RES UNITS + 8 COML UNITS",1,6,116,1333,3,3,0,2,5,5,1909,1985,100,"Y","Y"," ",2,"526 1ST AVE S 98104"
"4682",437790,0,"Townhouses",1,3,4,1199,3,3,0,4,4,3,2006,2007,100,"N","N","N",2,"1701 16TH AVE S 98144"
"4696",160900,0,"FLATS",1,3,9,822,3,3,0,4,5,4,1992,1997,100,"N","Y","N",2,"1511 14TH AVE S 98144"
"4714",568000,965,"APT",1,4,35,649,3,3,0,4,4,3,1980,1988,100,"Y","Y","N",1,"3501 14TH AVE S 98144"
"4727",609310,0,"Flats",1,7,41,602,3,3,15,2,5,4,1969,2002,100,"Y","Y","N",1,"905 CHERRY ST 98104"
"4751",859040,400," ",1,7,81,698,3,3,75,4,6,3,2008,2008,100,"Y","Y","N",2,"901 8TH AVE 98104"
"4776",766060,210,"6 UNIT",1,3,4,933,3,3,50,4,5,4,1900,1983,100,"N","N","N",1,"1745 12TH AVE S 98144"
"4824",411460,1250,"BLUE DOLPHIN",1,3,21,672,5,4,43,4,4,5,1949,1993,100,"N","Y","N",2,"400 LAKESIDE AVE S 98144"
"4849",149830,670,"EMERALD VIEW APTS",1,2,6,968,3,3,50,4,4,4,1989,1998,50,"N","N","N",1,"2011 13TH AVE S 98144"
"4850",983420,615,"5 UNIT APT",1,2,5,861,3,2,0,4,4,3,1921,1976,100,"N","N","N",1,"3301 YORK RD S 98144"
"4853",766010,235,"8 UNIT",1,3,8,834,3,3,25,4,5,3,1969,1974,100,"N","N","N",1,"1516 12TH AVE S 98144"
"4856",859040,750,"JEFFERSON TERRACE",1,17,282,515,3,3,25,2,6,3,1967,1988,100,"Y","Y","N",1,"800 JEFFERSON ST 98104"
"4962",365010,5,"APT",1,2,6,700,3,3,0,4,5,3,1952,1983,100,"N","N","Y",1,"1749 S HORTON ST 98144"
"5029",855620,0,"CONDOMINIUM",3,3,18,1120,3,3,0,4,5,3,1992,1992,100,"Y","Y","Y",2,"1700 12TH AVE S 98144"
"5091",286750,0,"3 FLAT UNITS",1,2,3,960,3,3,0,4,4,4,1966,1989,100,"N","N"," ",1,"1706 16TH AVE S 98144"
"5110",872620,0,"21 RES UNITS+23 PKG 1 MNGR UNIT",1,12,22,2535,3,4,0,2,8,4,1929,1965,100,"Y","Y","N",1,"1223 SPRING ST 98104"
"5183",863572,0,"Flats",1,3,7,738,3,4,0,4,5,5,1910,2004,100,"N","Y","N",2,"317 LAKESIDE AVE S 98144"
"5222",228543,0,"24 RES UNITS + 3 COML UNITS",1,5,27,1185,3,3,0,3,6,5,1900,1985,100,"Y","Y"," ",1,"80 S JACKSON ST 98104"
"5334",256030,0,"139 UNIT HIGHRISE CONDO",1,33,139,1387,3,4,0,1,7,3,1982,1990,100,"Y","Y","N",2,"1301 SPRING ST 98104"
"5370",713330,5,"PALI APTS",1,3,8,497,3,3,50,3,4,3,1962,1982,100,"N","N","N",1,"1313 S JUDKINS ST 98144"
"5413",766060,45,"APARTMENTS",2,1,4,674,3,3,0,4,4,3,1955,1979,100,"N","N","N",1,"1340 13TH AVE S 98144"
"5440",955220,165,"MULTI RESIDENCE 25 UNITS",1,2,25,945,3,3,44,4,4,3,1967,1984,100,"N","N","N",1,"2900 S KING ST 98144"
"5449",865370,0,"88 Res.,1 Comm. Unit Condo",1,7,88,605,3,3,18,4,4,3,2001,2001,100,"Y","Y","N",2,"108 5TH AVE S 98104"
"5458",156270,0," ",0,0,0,0,0,0,0,0,0,0,2005,2005,0," "," "," ",0,"410 2ND EXT S 98104"
"5495",256035,0," ",1,1,2,9342,3,3,0,2,6,4,1981,1981,100,"N","N"," ",0,"1314 MADISON ST 98104"
"5509",128230,1445,"APTS",1,2,16,596,2,3,0,4,4,3,1962,1980,100,"N","N","N",1,"3435 RAINIER AVE S 98144"
"5596",524780,1370,"",1,9,252,416,3,4,0,1,4,4,1910,1980,100,"Y","Y","N",2,"308 4TH AVE S 98104"
"5613",56700,765,"4 PLEX",1,2,4,840,0,0,0,4,3,3,1910,1973,100,"N","N","N",1,"1129 29TH AVE S 98144"
"5622",765860,185," ",1,3,4,1098,0,0,0,4,4,3,2004,2004,100," "," "," ",0,"1121 23RD AVE S 98144"
"5647",799990,0,"TOWNHOUSE",1,2,2,1760,3,3,0,4,4,3,1918,1990,100,"N","N","N",2,"2508 S KING ST 98144"
"5652",103190,0,"FLATS",2,2,4,1055,4,3,0,4,4,4,1989,1997,100,"N","N","Y",2,"1706 BRADNER PL S 98144"
"5656",524780,1060,"52 unit apt",1,4,52,302,2,2,0,3,3,4,1905,1983,100,"Y","Y","N",1,"204 3RD AVE S 98104"
"5675",983420,1505," ",1,3,7,976,3,3,0,4,4,3,2004,2004,100,"N","N","N",2,"3656 35TH AVE S 98144"
"5707",524780,90," ",1,5,44,456,2,3,0,3,4,4,1914,1982,100,"Y"," ","N",1,"212 ALASKAN WAY S 98104"
"5728",268067,0,"55 RES UNITS & 1 MANAGER",1,14,56,1138,3,4,0,2,6,4,1930,1965,100,"Y","Y","N",1,"1017 MINOR AVE 98104"
"5738",311074,0,"HARBOR HOUSE CONDO",2,3,14,1984,5,4,0,4,8,4,1986,1995,100,"Y","Y","Y",2,"300 LAKESIDE AVE S 98144"
"5778",859090,410,"HILLTOP HOUSE",1,11,126,571,3,3,25,2,4,4,1967,1991,100,"Y","Y","N",1,"1005 TERRACE ST 98104"
"5805",569920,0,"8 Res Units + 8 Com'l Units",1,3,8,574,4,4,0,3,6,5,1930,1986,100,"N","Y","N",2,"3601 S MCCLELLAN ST 98144"
"5859",524780,1775," ",1,3,50,542,0,0,0,4,4,3,1998,1998,100,"Y","Y","N",0,"718 6TH AVE S 98104"
"5876",138980,26,"APARTMENT",1,3,18,832,3,3,0,4,4,4,1968,1990,100,"N","N","N",1,"2512 14TH AVE S 98144"
"5912",332000,5,"ELDERLY HOUSING",1,6,86,606,3,4,50,3,4,3,1980,1988,100," ","Y","N",1,"1400 S MAIN ST 98144"
"5919",713330,260,"triplex",1,2,3,627,3,3,30,4,4,4,1998,2003,100,"N"," ","N",2,"1329 STURGUS AVE S 98144"
"5964",713230,190,"Low-income Apts",1,4,61,908,3,3,0,4,4,3,2007,2007,100,"Y","Y"," ",2,"843 HIAWATHA PL S 98144"
"5979",635200,0,"32 unit condo",1,3,32,1124,3,3,0,3,6,4,1909,1960,100,"N","Y","N",1,"615 BOREN AVE 98104"
"5984",605860,345,"6 UNIT APT",1,2,6,760,3,2,0,4,3,3,1959,1977,100,"N","N","N",1,"910 23RD AVE S 98144"
"6018",367940,111,"ELMA APTS",2,1,6,662,3,2,0,4,3,4,1947,1979,100,"N","N","N",0,"3615 15TH AVE S 98144"
"6062",128230,370,"CEDERSTRAND APTS",1,3,12,586,3,3,0,4,4,3,1967,1984,100,"N","Y","N",1,"2900 S BYRON ST 98144"
"6068",379600,260,"APARTMENT BLDG 5 UNITS",1,2,5,780,3,3,0,4,3,3,1900,1973,100,"N","N","N",1,"200 27TH AVE S 98144"
"6188",766010,145,"BEACON HILL APTS",1,4,13,790,3,3,30,4,4,2,1986,1987,100,"N","N","N",1,"1308 12TH AVE S 98144"
"6264",713330,65,"GARDEN APARTMENTS",1,2,17,630,3,3,60,4,4,3,1959,1981,100,"N","N","N",1,"1320 14TH AVE S 98144"
"6292",411460,1380,"SHANGRI-LA",1,4,79,797,5,3,55,4,6,4,1961,1995,100,"N","Y","Y",1,"534 LAKESIDE AVE S 98144"
"6317",919590,0,"19 RESIDENTAL+1COM'L+9 PKG UNITS",1,13,20,1926,3,4,0,2,7,4,1983,1983,100,"Y","Y","Y",2,"1009 WESTERN AVE 98104"
"6318",817010,420,"SISC ELDERLY HOUSING",1,3,35,660,3,3,40,4,4,3,1988,1992,100,"Y","Y","N",1,"1011 S WELLER ST 98104"
"6330",713330,59,"COURT APARTMENTS",1,2,10,460,3,3,50,4,4,3,1903,1974,100,"N","N","N",1,"1312 14TH AVE S 98144"
"6357",128230,518,"4 PLEX",1,1,4,618,3,3,0,4,4,3,1957,1981,100,"N","N","N",0,"3321 CLAREMONT AVE S 98144"
"6369",766010,60,"APARTMENTS",1,3,6,578,3,3,0,4,3,3,1907,1970,100,"N","N","N",1,"1309 13TH AVE S 98144"
"6374",766010,265,"OLYMPIC VIEW MANOR",1,3,15,816,3,3,60,4,5,4,1967,1993,100,"N","N","N",1,"1711 13TH AVE S 98144"
"6387",331950,350,"EIGHT UNIT TOWNHOME APARTMENT",1,2,8,1097,3,4,0,4,4,3,1999,1999,100," ","Y","N",2,"2034 S MAIN ST 98144"
"6389",766010,350,"ALPINE B APTS",1,2,7,689,3,3,25,4,4,4,1966,1989,100,"N","N","N",1,"1728 12TH AVE S 98144"
"6431",501730,0,"47 Unit Condo",1,10,47,1450,3,5,0,2,7,3,2006,2006,100,"Y","Y","Y",2,"1000 1ST AVE 98104"
"6450",367940,305,"APT",1,2,10,553,3,3,0,4,5,3,1959,1983,100,"N","N","N",1,"1499 S COLUMBIAN WAY 98144"
"6492",125020,25,"SEATTLE HOUSING AUTHORITY",1,3,45,637,3,3,0,4,4,3,1986,1991,100,"Y","Y","N",1,"323 25TH AVE S 98144"
"6586",56700,190,"LESCHI VIEW APT",1,2,5,681,0,0,0,4,4,4,1909,1985,100,"N","N","N",1,"917 YAKIMA PL S 98144"
"6609",609360,0,"2 UNITS JUST OFF RAINIER AV S",1,2,2,1382,4,4,0,4,4,3,1998,1998,100,"N","N"," ",2,"908 HIAWATHA PL S 98144"
"6610",125020,649,"FOUR PLEX",1,2,4,564,3,2,0,4,2,3,1920,1972,100,"N","N","N",1,"415 MARTIN LUTHER KING JR WAY S 98144"
"6643",713330,265,"Four Plex",1,2,4,766,3,3,100,4,4,3,1997,1997,100," ","N","N",2,"1331 STURGUS AVE S 98144"
"6661",128570,0," ",1,6,50,561,3,3,0,4,4,3,2006,2006,100,"Y","Y","N",1,"909 BOREN AVE 98104"
"6684",128230,555,"THE OWYHEE",1,3,23,721,2,3,0,4,4,3,1968,1985,100,"N","N","N",1,"3430 RENTON PL S 98144"
"6688",125020,1290,"FOUR PLEX",1,2,4,1054,3,3,0,4,4,3,1909,1974,100,"N","N","N",1,"333 30TH AVE S 98144"
"6715",29940,0,"50 UNIT CONDO",1,4,50,1192,3,3,0,4,4,3,1980,1985,100,"Y","Y","Y",2,"1111 S ATLANTIC ST 98134"
"6721",93900,85,"65 unit apt + retail",1,6,65,186,3,3,0,2,4,4,1911,1991,50,"Y","Y","N",1,"619 3RD AVE 98104"
"6752",379600,58,"FOUR PLEX",1,2,4,688,3,2,0,4,4,3,1965,1983,100,"N","N","N",1,"115 26TH AVE S 98144"
"6802",364650,0,"Two comm & 6 res condos. ",1,2,7,890,3,3,0,3,6,5,1902,2006,100,"N","N","N",0,"123 S JACKSON ST 98104"
"6823",766060,235,"THE MANDARIN",2,4,95,729,3,3,50,4,4,4,1968,1991,100,"N","Y","N",1,"1702 11TH AVE S 98134"
"6902",610845,0,"19-UNIT MEDICAL TOWER",1,10,19,7503,5,5,0,1,4,0,1985,1985,100,"N","Y"," ",0,"1229 MADISON ST 98104"
"7016",364580,0,"27 units condo",4,4,27,1175,4,3,0,4,4,3,2001,2001,100,"Y","N","N",0,"800 HIAWATHA PL S 98144"
"7022",766060,265,"BELLA VISTA",1,2,19,468,3,3,20,3,5,4,1957,1998,100,"N","N","N",1,"1115 S ATLANTIC ST 98134"
"7075",168340,145,"4-PLEX",1,2,4,517,3,3,50,4,4,3,1910,1974,100,"N","N","N",1,"1414 S COLLEGE ST 98144"
"7083",863620,0,"FLATS & TOWNHOUSES",1,3,5,2612,5,4,0,4,7,4,1990,1995,100,"Y","Y","Y",2,"324 LAKESIDE AVE S 98144"
"7122",364460,0,"1 COM'L UNIT & 1 APT UNIT",1,3,17,574,3,3,0,4,4,3,1917,1950,100,"N","Y","N",1,"664 S JACKSON ST 98104"
"7151",982670,1616,"FOUR PLEX",1,1,4,579,3,3,0,4,4,3,1958,1980,100,"N","N","N",1,"104 22ND AVE S 98144"
"7209",859040,475,"APARTMENT BLDG (29 UNITS)",1,3,29,460,2,3,0,4,4,3,1902,1974,100,"N","Y","N",1,"718 CHERRY ST 98104"
"7224",125020,310,"APARTMENT BLDG 12 UNITS",1,3,12,857,3,3,0,4,4,3,1971,1988,100,"N","N","N",1,"412 25TH AVE S 98144"
"7235",859090,450,"THE ENGLEWOOD APTS",1,4,31,596,3,3,0,4,5,4,1925,1991,100,"N","Y","N",1,"420 TERRY AVE 98104"
"7276",125020,895,"SIX UNIT APT",1,3,6,749,3,3,0,4,3,3,1965,1979,100,"N","N","N",1,"312 28TH AVE S 98144"
"7320",539460,60,"4-PLEX",1,2,4,606,3,3,50,4,4,3,1940,1978,100,"N","N","N",0,"2366 BEACON AVE S 98144"
"7362",912200,225,"APARTMENT",1,3,5,834,3,3,40,4,4,3,1960,1981,100,"N","N","N",1,"2410 13TH AVE S 98144"
"7420",792265,0,"31 UNIT CONDO",1,4,31,885,3,3,0,4,4,4,1969,1969,100,"Y","Y","N",1,"1100 S ATLANTIC ST 98134"
"7446",524780,2295," ",1,3,16,730,3,3,0,3,4,3,1916,1980,0,"N","Y","N",1,"400 MAYNARD AVE S 98104"
"7447",690970,245,"Two Duplexes",1,2,5,670,3,2,100,4,4,3,1927,1980,100," ","N","N",1,"1501 31ST AVE S 98144"
"7466",57000,250,"7 unit apt",1,3,7,809,3,3,60,4,4,4,2005,2005,100,"N","Y","N",2,"2539 13TH AVE S 98144"
"7497",367940,285,"4 - PLEX",1,1,4,628,3,3,0,4,5,3,1959,1983,100,"N","N","Y",0,"1493 S COLUMBIAN WAY 98144"
"7521",912200,365,"RICKSHAW APT",1,4,14,867,3,3,60,4,4,3,1968,1985,100,"N","Y","N",1,"2356 15TH AVE S 98144"
"7530",90700,130," ",1,1,1,780,1,1,0,4,2,2,1909,1975,0," ","N","N",2,"2544 BEACON AVE S 98144"
"7599",872663,0,"FLATS",1,6,59,642,3,3,0,4,4,3,2000,2000,100,"Y","Y","N",2,"301 23RD AVE S 98144"
"7603",817010,165,"VICTORIAN ROW",1,2,12,937,2,3,0,4,3,3,1901,1970,100,"N","N","N",1,"1234 S KING ST 98144"
"7689",539360,355,"4-PLEX",1,1,4,622,1,3,50,4,4,3,1954,1978,100,"N","N","N",1,"2306 12TH AVE S 98144"
"7910",918780,0,"TOWNHOUSES",8,3,16,1340,3,3,0,4,4,3,2000,2000,100,"N","N","Y",2,"2611 S WASHINGTON ST 98144"
"7926",286640,0,"3 units condo",1,1,3,1715,4,3,0,4,6,3,2002,2002,0,"N","N","Y",0,"1801 28TH AVE S 98144"
"7927",766010,220,"FORUM APTS",1,4,8,818,3,3,0,4,4,4,1968,1990,100,"N","N","N",1,"1532 12TH AVE S 98144"
"7929",766060,10,"LINNEA ANN APTS",1,4,7,669,3,3,60,4,4,3,1967,1984,100,"N","N","N",1,"1308 13TH AVE S 98144"
"7976",859040,905,"220 mixed use apt",1,17,220,716,3,4,50,1,6,3,2006,2006,100,"Y","Y","Y",2,"910 8TH AVE 98104"
"8025",138980,46,"THE MARLIN",1,2,23,443,3,3,0,4,4,4,1959,1984,100,"N","N","N",1,"2530 14TH AVE S 98144"
"8036",713330,120,"FOURPLEX - CONV RES",1,4,4,575,3,3,100,4,3,2,1945,1969,100,"N","N","N",1,"1312 15TH AVE S 98144"
"8060",780412,0,"12 RES UNITS + 2 COML UNITS",1,5,14,846,3,3,0,3,5,5,1900,1975,100,"Y","Y","Y",2,"606 POST AVE 98104"
"8066",149830,900," ",1,2,4,822,3,3,0,4,4,3,1997,1997,100,"N","N","N",2,"1417 S HOLGATE ST 98144"
"8090",367940,45,"THE COLUMBIAN APTS",1,4,20,876,3,3,0,4,5,2,1965,1973,100,"N","Y","N",1,"1410 S COLUMBIAN WAY 98144"
"8135",766010,115,"APARTMENTS",1,2,12,581,3,3,30,4,4,3,1962,1982,100,"N","N","N",1,"1330 12TH AVE S 98144"
"8142",232650,0,"TOWNHOUSES",1,2,2,940,3,3,0,4,4,3,2004,2004,100,"N","N","Y",2,"2700 S ELMWOOD PL 98144"
"8143",355830,0," ",0,0,0,0,0,0,0,0,0,0,2002,2002,0," "," "," ",0,"701 8TH AVE S 98104"
"8257",56700,485,"FOURPLEX",1,2,4,800,0,0,0,4,4,3,1983,1990,100,"N","N","N",1,"918 29TH AVE S 98144"
"8332",138980,5,"2 4 PLEXES",2,1,8,698,3,3,0,4,4,2,1926,1960,100,"N","N","N",2,"1405 S BAYVIEW ST 98144"
"8338",912200,331,"APARTMENT",1,2,5,629,3,3,0,4,4,3,1966,1984,100,"N","N","N",1,"2335 15TH AVE S 98144"
"8348",867045,0,"8-COMMERCIAL-8 RESIDENTIAL CONDO",1,3,16,1097,3,3,0,3,5,5,1913,1980,100,"N","Y","Y",2,"611 POST AVE 98104"
"8383",60600,5,"APT",2,2,16,537,3,3,0,4,4,3,1954,1979,100,"N","N","N",1,"1741 S HANFORD ST 98144"
"8406",286350,0,"TOWN HOUSES-CONDOMINIUMS",1,2,5,1258,2,3,0,4,4,3,1980,1980,100,"N","N"," ",2,"1760 15TH AVE S 98144"
"8436",859090,485,"Apartment",1,6,47,751,3,3,0,4,5,3,1999,1999,100,"Y","Y"," ",2,"404 TERRY AVE 98104"
"8457",411460,1365,"7 - UNIT APARTMENT",1,2,7,629,3,5,43,4,4,3,1964,1983,100,"N","N","Y",1,"522 LAKESIDE AVE S 98144"
"8479",372680,305,"APT",1,3,14,908,3,3,20,4,5,4,1976,1995,100,"N","N","N",1,"3434 BEACON AVE S 98144"
"8564",799500,0,"FLAT UNITS",4,2,34,721,4,3,0,4,4,3,2004,2004,100,"N","Y","N",2,"1746 S CHARLES ST 98144"
"8605",397950,0,"15 UNIT CONDO",1,2,15,718,5,3,0,4,5,4,1957,1985,100,"N","Y","N",1,"414 LAKESIDE AVE S 98144"
"8629",332000,800,"10 unit apt",2,2,10,530,3,2,0,4,5,4,1910,1974,100,"N","N","N",1,"1617 S LANE ST 98144"
"8639",754830,485,"4-PLEX",1,2,4,756,3,3,50,4,4,3,1963,1982,100,"N","N","N",2,"1775 1/2 17TH AVE S 98144"
"8718",427900,0,"2 UNIT CONDO",1,2,2,1338,3,3,0,4,6,3,1992,1992,100,"N","Y","Y",2,"3512 S LESCHI PL 98144"
"8761",524780,2345,"MIXED USE APT",1,4,30,495,2,3,0,3,4,4,1909,1979,100,"Y","Y","N",1,"657 S KING ST 98104"
"8783",128230,1210,"GALE COURT APTS",4,2,24,850,3,2,0,4,4,4,1956,1989,100,"N","N","N",1,"3333 GALE PL S 98144"
"8788",60501,0,"FLATS",1,3,16,605,3,3,0,3,5,5,1930,1985,100,"N","Y","N",1,"2810 16TH AVE S 98144"
"8835",8600,0,"75 Unit Condo",1,7,75,691,3,3,15,4,5,3,2002,2002,100,"Y","Y","N",2,"668 S LANE ST 98104"
"8844",331950,1340,"4-PLEX",1,2,4,762,3,3,0,4,4,3,1918,1980,100,"N","N","N",0,"1842 S KING ST 98144"
"8848",162404,9248,"THE CRESTVIEW",1,3,54,584,2,2,0,4,4,3,1968,1985,100,"N","Y","N",1,"3630 RENTON AVE S 98144"
"8877",937930,40,"VALERIE",1,2,4,657,3,2,0,4,3,3,1964,1979,100,"N","N","N",1,"528 24TH AVE S 98144"
"8909",524780,1865,"INTERNATIONAL HOUSE",1,8,99,513,2,3,0,2,4,3,1979,1988,100,"Y","Y","N",1,"607 MAYNARD AVE S 98104"
"8926",90700,100," ",1,3,2,796,1,2,0,4,4,3,1902,1975,0,"N","N","N",1,"2532 BEACON AVE S 98144"
"8987",197920,250,"JOHN ALDEN APTS",1,4,80,520,3,4,15,3,6,4,1924,1988,100,"Y","Y","N",1,"1019 TERRY AVE 98104"
"9036",128230,64,"4 PLEX",1,2,4,977,2,2,0,4,2,3,1919,1972,100,"N","N","N",0,"3208 MCCLINTOCK AVE S 98144"
"9050",331950,2080,"4-PLEX",1,2,4,1043,3,3,0,4,4,3,1910,1974,100,"N","N","N",1,"1809 S WELLER ST 98144"
"9079",90700,71,"APARTMENT",1,2,5,740,3,3,0,4,4,4,1924,1981,100,"N","N","N",1,"2522 BEACON AVE S 98144"
"9147",331950,1670,"WHEELER APTS 50 UNITS",2,3,50,555,3,3,0,4,2,3,1968,1981,100,"N","Y","N",1,"1600 S WELLER ST 98144"
"9213",149830,3190,"CENTER PARK APTS",2,7,150,630,3,4,0,3,5,3,1969,1989,100,"Y","Y","N",1,"2100 25TH AVE S 98144"
"9217",149830,661,"4-PLEX",1,2,4,901,3,3,50,4,5,4,1951,1988,100,"N","N","N",0,"2005 13TH AVE S 98144"
"9257",872820,0,"4 UNIT CONDO",1,2,4,908,2,3,0,4,4,3,1983,1990,100,"N","N"," ",2,"2700 S HOLGATE ST 98144"
"9280",524780,335," ",1,7,21,804,3,3,0,3,5,4,1905,1982,0,"Y","Y","N",1,"316 1ST AVE S 98104"
"9301",341660,400,"5 UNIT APART",1,3,5,761,3,3,20,4,3,2,1917,1968,100,"N","N","N",1,"117 32ND AVE S 98144"
"9327",159460,80,"4-PLEX",1,1,4,598,3,2,0,4,2,3,1904,1970,100,"N","N","N",0,"2468 S COLLEGE ST 98144"
"9338",859090,720,"CHARLOTTE APARTMENTS",1,4,13,602,3,2,0,4,3,3,1982,1985,100,"N","Y","N",1,"1106 CHERRY ST 98104"
"9359",365010,40,"APT",1,2,4,616,3,3,0,4,2,3,1906,1970,100,"N","N","N",0,"3326 BEACON AVE S 98144"
"9393",539360,512,"",1,2,4,975,3,3,0,4,6,3,2003,2003,100," "," "," ",1,"2307 15TH AVE S 98144"
"9397",282960,260,"13 UNIT APT",1,2,13,491,3,3,50,3,5,3,1958,1984,100,"N","N","N",1,"1120 14TH AVE S 98144"
"9409",713330,110,"APARTMENTS",1,3,8,503,0,0,25,4,4,3,1910,1974,100,"N","N","N",1,"1348 14TH AVE S 98144"
"9541",367940,150,"APTS",1,3,9,669,3,3,0,4,5,3,1956,1983,100,"N","N","N",0,"3641 15TH AVE S 98144"
"9613",92404,9006,"THE CENTURY HOUSE",1,4,83,534,0,0,0,4,4,3,1971,1985,100,"Y","Y","N",1,"1701 23RD AVE S 98144"
"9627",766060,40,"APARTMENTS",1,1,4,545,3,3,0,4,4,3,1955,1979,100,"N","N","N",1,"1334 13TH AVE S 98144"
"9640",983420,585,"4 PLEX",1,2,4,862,3,3,0,4,4,3,1956,1979,100,"N","N","N",1,"3608 YORK RD S 98144"
"9658",859090,160,"",1,7,51,613,2,3,41,2,4,4,1960,1985,100,"Y","Y","N",1,"600 9TH AVE 98104"
"9663",149830,1020," ",1,1,2,1260,2,2,0,4,4,3,1928,1967,0,"N","N","N",0,"2122 14TH AVE S 98144"
"9693",418290,0,"4 UNIT CONDOMINIUM CONVERSION",4,1,4,594,4,3,0,4,4,5,1943,1980,100,"N","N"," ",2,"1801 S LANE ST 98144"
"9702",859040,890,"Rooming House",1,6,56,363,0,0,0,4,4,3,2009,2009,100,"Y"," "," ",1,"801 9TH AVE 98104"
"9727",59700,570,"14 UNIT APT",1,4,14,719,3,3,15,4,4,4,1990,1998,100,"N","Y","N",2,"3026 BEACON AVE S 98144"
"9730",266265,0,"25 res + 20 pkg +3 coml unit condo",1,8,48,968,3,3,0,4,5,3,1999,1999,100,"Y","Y"," ",2,"510 6TH AVE S 98104"
"9737",159460,70,"COLLEGE COURT APTS",1,2,14,504,3,3,0,4,4,3,1962,1982,100,"N","N","N",1,"2464 S COLLEGE ST 98144"
"9748",690970,365,"4 PLEX",1,2,4,835,3,3,50,4,4,3,1969,1985,100,"N","N","N",1,"1524 30TH AVE S 98144"
"9761",859040,931,"WESTMINISTER APARTMENTS",1,4,33,795,3,3,0,3,5,3,1906,1984,100,"N","Y","N",1,"903 9TH AVE 98104"
"9787",885000,380,"FOURPLEX",1,2,4,1061,3,3,0,4,5,3,1982,1992,100,"N","N","N",2,"1516 17TH AVE S 98144"
"9797",186560,0,"12 unit condo",1,4,12,740,3,3,0,4,4,3,2000,2000,100,"Y","Y","Y",2,"1729 12TH AVE S 98144"
"9825",788875,0,"CONDOMINIUMS",1,4,20,1174,3,3,0,4,4,3,1983,1983,100,"Y","Y","Y",2,"1515 12TH AVE S 98144"
"9927",982070,90,"53 unit apt",1,5,57,404,2,3,22,4,4,4,1910,1979,100,"Y","Y","N",1,"200 5TH AVE S 98104"
"9966",713330,55,"CHARLEMAGNE APTS",1,2,14,603,3,3,70,4,4,3,1964,1983,100,"N","Y","N",1,"1300 14TH AVE S 98144"
"9969",56700,420,"duplex",1,2,2,1350,3,3,50,4,3,2,1909,1960,100,"N","N","N",2,"901 YAKIMA AVE S 98144"
"10042",766010,135,"FOUR PLEX",1,2,4,847,3,3,0,4,4,3,1955,1979,100,"N","N","N",0,"1316 12TH AVE S 98144"
"10047",505015,0," ",1,5,25,842,3,3,0,4,5,3,2001,2001,100,"Y","Y","N",2,"308 22ND AVE S 98144"
"10145",859090,510,"SAN JUAN",1,3,42,477,3,3,0,3,4,3,1959,1981,100,"N","Y","N",1,"504 TERRY AVE 98104"
"10167",885000,5,"12 UNIT APARTMENT",1,3,12,900,3,3,30,4,4,4,1985,1996,100,"N","Y","N",1,"1527 14TH AVE S 98144"
"10191",367940,295,"APT",1,2,8,523,3,3,0,4,5,3,1958,1983,100,"N","N","N",1,"1495 S COLUMBIAN WAY 98144"
"10228",128230,1335,"ESTELLE APTS",1,2,15,605,2,3,0,4,4,2,1960,1976,100,"N","N","N",1,"3430 RAINIER AVE S 98144"
"10262",364610,310,"APARTMENT BLDG 12 UNITS",1,3,12,775,3,3,0,4,4,2,1967,1977,100,"N","N","N",1,"2201 S MAIN ST 98144"
"10282",388190,185,"4 UNIT",1,2,4,691,3,3,25,4,4,3,1953,1978,100,"N","N","N",1,"1807 13TH AVE S 98144"
"10294",56700,735,"FOURPLEX",1,1,4,870,0,0,0,4,3,3,1963,1978,100,"N","N","N",0,"1113 29TH AVE S 98144"
"10306",142630,305,"APT",1,3,10,670,2,3,0,4,4,2,1966,1977,100,"N","Y","N",1,"2701 S WALDEN ST 98144"
"10335",859090,845,"THE BROADWAY APTS",1,3,33,512,2,3,0,4,4,3,1925,1977,100,"N","Y","N",1,"1203 JAMES ST 98104"
"10346",364610,480," ",2,6,90,865,3,3,0,4,5,3,2004,2004,100,"Y","Y","N",2,"2201 S JACKSON ST 98144"
"10418",57000,285,"APARTMENT",1,3,12,722,3,3,30,4,4,3,1960,1981,100,"N","N","N",1,"2501 13TH AVE S 98144"
"10424",659995,0,"FLATS",1,7,50,893,2,3,10,4,4,3,2000,2000,100,"Y","Y","N",2,"321 10TH AVE S 98104"
"10478",372680,210,"JEFFERSON PK APTS",1,3,26,755,3,3,0,4,6,3,1925,1983,100,"N","Y","N",1,"1756 S SPOKANE ST 98144"
"10495",367940,140,"APTS",1,2,6,793,3,3,0,4,4,3,1955,1978,100,"N","N","N",0,"1484 S COLUMBIAN WAY 98144"
"10524",912200,965,"5 UNIT APT",1,1,5,416,3,3,0,4,4,3,1959,1981,100,"N","N","N",1,"2345 24TH AVE S 98144"
"10532",57000,295,"Westview Apartment Homes",6,3,140,537,3,4,15,4,5,4,1918,1997,100,"N","Y","N",1,"2525 14TH AVE S 98144"
"10536",125020,715,"APARTMENT BLDG 6 UNITS",1,2,6,701,3,2,0,4,3,3,1910,1970,100,"N","N","N",0,"2608 S LANE ST 98144"
"10551",859040,870,"ENVOY APARTMENTS",1,4,44,435,3,3,0,3,4,3,1929,1977,100,"N","Y","N",1,"821 9TH AVE 98104"
"10582",374050,90,"FOUR PLEX",1,2,4,822,3,2,0,4,3,3,1910,1970,100,"N","N","N",0,"417 28TH AVE S 98144"
"10647",766010,255,"C VII APTS",1,3,19,644,3,3,30,4,5,4,1963,1991,100,"N","N","N",1,"1701 13TH AVE S 98144"
"10648",713330,135,"APARTMENTS",1,3,4,630,3,2,100,4,4,4,1913,1982,100,"N","N","N",1,"1318 15TH AVE S 98144"
"10654",253884,0,"High-Rise Condo",1,24,127,1110,3,3,0,1,6,3,2007,2007,100,"Y","Y","Y",2,"909 5TH AVE 98104"
"10688",859040,910,"APARTMENT BLDG & RESTAURANT",1,4,75,520,2,3,0,3,4,4,1902,1979,100,"Y","Y","N",1,"823 MADISON ST 98104"
"10691",539360,460,"4-PLEX",1,2,4,840,3,3,25,4,5,4,1910,1979,100,"N","N","N",0,"2321 14TH AVE S 98144"
"10692",388190,170,"5 UNIT",1,1,5,544,3,3,0,4,6,3,1952,1982,100,"N","N","N",0,"1808 12TH AVE S 98144"
"10860",754830,880,"APTS",1,2,10,688,3,2,0,4,2,3,1919,1972,100,"N","Y","N",1,"1757 20TH AVE S 98144"
"10872",605860,90,"4 - PLEX",1,2,4,687,3,2,0,4,3,4,1907,1978,100,"N","N","N",2,"2510 S CHARLES ST 98144"
"10884",912200,230,"YOUNGS APARTMENT",1,4,15,747,3,3,50,4,4,3,1968,1985,100,"N","N","N",1,"2414 13TH AVE S 98144"
"10896",42404,9057,"4 PLEX",1,1,4,775,0,0,0,4,4,3,1963,1982,100,"N","N","N",1,"824 28TH AVE S 98144"
"10915",364610,140,"APARTMENT BLDG 18 UNITS",1,3,18,878,3,3,0,4,4,4,1967,1985,100,"N","Y","N",2,"219 22ND AVE S 98144"
"10919",713330,695,"APARTMENTS",1,3,6,643,3,3,60,3,5,3,1967,1988,100,"N","N","N",1,"1502 14TH AVE S 98144"
"10949",787940,30," ",1,7,208,597,3,3,0,4,5,3,2004,2004,32,"Y","Y","N",2,"3700 RAINIER AVE S 98144"
"10989",859040,825," Skilled nursing not included in units",1,26,201,1172,3,3,0,2,8,3,2008,2008,50,"Y","Y","N",2,"710 8TH AVE 98104"
"11017",138980,35,"EL CENTRO DE LA RAZA",3,3,14,814,3,3,0,4,4,4,1994,2003,100,"N","Y","N",1,"2522 14TH AVE S 98144"
"11028",346450,0,"2 BLDG CONDO",2,3,11,653,2,3,0,4,4,3,1969,1985,100,"N","N"," ",1,"3304 27TH AVE S 98144"
"11106",713330,690,"5 UNIT APT HOUSE",1,2,5,720,3,3,40,4,4,3,1978,1988,100,"N","N","N",1,"1506 14TH AVE S 98144"
"11138",923750,0,"FLATS",1,5,72,756,3,3,0,4,4,3,2004,2004,100,"Y","Y","N",2,"425 23RD AVE S 98144"
"11151",138980,100,"APARTMENT",1,2,13,709,3,3,0,4,4,3,1929,1977,100,"N","Y","N",1,"2541 15TH AVE S 98144"
"11222",261746,0,"5 unit condo",1,2,5,862,3,3,0,4,4,3,1999,1999,0,"N","N","Y",2,"1546 17TH AVE S 98144"
"11267",128230,490,"10 UNIT APT",1,3,10,757,3,3,0,4,4,3,1968,1985,100,"N","N","N",1,"2805 S BYRON ST 98144"
"11273",331950,615,"FOUR PLEX",1,2,4,903,3,2,50,4,4,3,1904,1971,100,"N","N","N",1,"1600 S MAIN ST 98144"
"11284",94200,460,"DOVER APTS",1,5,59,552,2,3,0,3,4,3,1907,1974,100,"Y","Y","N",1,"901 6TH AVE 98104"
"11325",524780,1000,"FRYE APARTMENTS",2,11,234,592,0,0,83,2,4,3,1908,1970,100,"Y","N","N",1,"223 YESLER WAY 98104"
"11380",341660,825,"APARTMENT BLDG 11 UNITS",1,3,11,737,0,0,45,4,4,3,1965,1983,100,"N","N","N",1,"201 30TH AVE S 98144"
"11417",684365,0," 94 Res Units + 8 Coml L/W Units",1,6,94,837,3,3,0,1,4,3,2009,2009,100,"Y","Y"," ",2,"827 HIAWATHA PL S 98144"
"11426",859090,225,"THE BROADMORE APTS",1,4,33,945,3,3,0,3,4,4,1911,1981,100,"Y","N","N",1,"423 TERRY AVE 98104"
"11428",197920,125,"NETTLETON APARTMENTS",3,14,351,621,3,3,75,2,6,4,1949,1990,100,"Y","Y","N",1,"1000 8TH AVE 98104"
"11459",662570,0,"5 UNIT-3 STORY W/BSMT PARKING",1,3,5,1268,3,3,0,4,4,3,1994,1994,100,"N","N"," ",2,"1533 18TH AVE S 98144"
"11465",766010,205,"11 UNIT",1,2,11,615,3,3,10,4,4,3,1960,1980,100,"N","N","N",1,"1550 12TH AVE S 98144"
"11494",524780,2005,"METROPOLITAN PARK",1,5,83,644,2,3,25,4,5,4,1991,2001,100,"Y","Y","Y",2,"601 S WASHINGTON ST 98104"
"11504",377080,0,"8 UNIT CONDO",2,2,8,1302,3,3,0,4,4,3,1999,1999,100,"N","Y"," ",2,"815 23RD AVE S 98144"
"11738",872708,0,"Townhomes",1,2,4,900,3,3,0,4,4,3,1981,2002,100,"N","N","N",1,"932 29TH AVE S 98144"
"11781",332000,485,"26 unit apt",1,3,26,334,3,2,30,4,3,3,1910,1970,100,"N","N","N",1,"1414 S KING ST 98144"
"11788",396440,215,"PARKLAND APTS",1,2,12,459,3,3,0,4,5,3,1956,1983,100,"N","N","N",1,"1736 S HORTON ST 98144"
"11816",365580,0,"4 TOWNHOMES",1,3,4,1289,3,3,0,4,4,3,1994,1994,100,"N","N"," ",2,"2121 14TH AVE S 98144"
"11827",411460,1420,"30 unit apt",1,4,30,693,5,3,36,3,6,3,1959,1985,100,"Y","Y","N",1,"714 LAKESIDE AVE S 98144"
"11849",524780,1550,"IMPERIAL HOUSE",1,12,96,528,0,0,60,2,4,3,1979,1988,100,"Y","Y","N",1,"520 S MAIN ST 98104"
"11872",379600,93,"FOUR PLEX",1,2,4,636,3,3,0,4,3,3,1969,1990,100,"N","N","N",1,"2612 S WASHINGTON ST 98144"
"11896",331950,380,"20TH AND MAIN APARTMENTS",1,3,12,838,3,3,0,4,4,3,1992,1994,100,"Y","N","N",2,"2010 S MAIN ST 98144"
"11939",690970,390,"7 UNIT APT",1,3,7,642,3,3,60,4,5,3,1991,1996,100,"N","Y","Y",2,"1540 30TH AVE S 98144"
"11991",859040,465,"ZINDORF APTS",1,5,75,354,1,2,0,4,4,4,1911,1986,100,"N","Y","N",1,"714 7TH AVE 98104"
"12055",159870,0,"Flats, Townhomes",1,5,28,728,3,3,20,4,4,3,2004,2004,100,"Y","Y","N",2,"2901 S JACKSON ST 98144"
"12074",524780,2315," ",1,4,46,299,3,3,0,3,4,3,1920,1975,0,"N","Y","N",0,"420 MAYNARD AVE S 98104"
"12107",539360,403,"WESTWARD APTS",1,2,15,646,3,3,25,4,4,3,1958,1978,100,"N","N","N",1,"2350 BEACON AVE S 98144"
"12122",766060,205,"4 UNIT",1,2,4,574,3,3,50,4,2,3,1906,1968,100,"N","N","N",1,"1741 12TH AVE S 98144"
"12138",766010,160,"ATLANTIC APTS",1,4,19,824,3,3,60,4,6,3,1977,1990,100,"N","N","Y",0,"1505 13TH AVE S 98144"
"12148",766060,65,"MARCREST APTS",1,4,17,694,3,3,15,4,4,3,1967,1984,100,"N","N","N",1,"1510 13TH AVE S 98144"
"12152",754830,195," ",1,2,4,810,3,3,0,4,4,3,1978,1988,0,"N","N","N",1,"1715 16TH AVE S 98144"
"12192",128230,335,"4 PLEX",1,1,4,568,2,2,0,4,4,2,1954,1973,100,"N","N","N",1,"3221 RAINIER AVE S 98144"
"12272",331950,1365,"5 UNITS-LOW INCOME HOUSING",1,2,5,518,3,4,20,4,4,4,1988,1997,100,"N","N","N",2,"1822 S KING ST 98144"
"12281",151060,0," ",1,15,85,550,3,3,0,2,6,3,1982,1993,100,"Y","Y","N",1,"910 MARION ST 98104"
"12289",388190,180,"10 UNIT",1,4,10,843,3,3,25,4,5,4,1973,1995,100,"N","Y","N",1,"1803 13TH AVE S 98144"
"12416",149830,2998,"6 UNIT APT",1,2,6,661,3,3,0,4,4,3,1959,1981,100,"N","N","N",1,"2400 S HILL ST 98144"
"12429",331950,515," ",1,10,155,489,0,0,40,2,6,4,1972,1995,100,"Y","Y","N",1,"221 18TH AVE S 98144"
"12509",912200,326," OFC/APTS",1,2,4,664,3,3,0,4,4,3,1993,1993,0,"N","N","N",1,"2343 15TH AVE S 98144"
"12523",372680,295,"APT",1,2,4,715,3,3,25,4,5,4,1976,1995,100,"N","N","N",1,"3424 BEACON AVE S 98144"
"12534",937930,70,"APARTMENT BLDG 12 UNITS",1,3,12,566,3,3,0,4,4,3,1970,1985,100,"N","N","N",1,"525 25TH AVE S 98144"
"12598",754830,10,"MARINE VISTA",1,2,7,675,3,3,0,4,5,3,1954,1981,100,"N","N","N",1,"1755 15TH AVE S 98144"
"12611",713330,105,"VIEWLAND APTS",1,3,6,827,3,3,30,4,5,3,1968,1989,100,"N","N","N",1,"1343 15TH AVE S 98144"
"12625",885000,375,"FOUR PLEX",1,2,4,1061,3,3,0,4,4,3,1982,1989,100,"N","N","Y",2,"1532 17TH AVE S 98144"
